user_id,file_name,timestamp
33,A8R8WRQYM7.Q,1528793306
67,7YU.R4,1528795923
23,08RBOMEGMV.6AL,1528805988
69,8Z7.1,1528769341
14,BL.V,1528780674
30,P3.OV,1528785491
40,HHPC.8,1528765193
26,MCCWD7XK.SWT,1528794846
40,UWS.1AK,1528762285
32,MBK.RZ,1528817229
68,G8VTAR.D1D,1528748853
68,1YBG8Q.AY,1528756622
21,N6TJS.AF,1528740613
45,FIGXIKCZ4.J,1528736285
41,YHJO.AJ,1528819552
21,OZHIQQPOG6.ARZ,1528755651
45,NH0PI69GQ.GKL,1528803628
62,2W3H1KKAS.R,1528741182
6,NQADP.0W,1528764922
33,K0KV06MO.M,1528808019
23,7IC45G76Q6.2,1528807940
26,ME62CXQ9XZ.8,1528787268
46,EETPG.BO,1528798131
45,3VSVW6J.PP,1528741682
41,HTHWOE0UO.4,1528779900
21,77KXHR5.VR,1528792000
42,1.J,1528814298
42,KI2Y9.GD7,1528798954
68,JVAEQ7EAM.CGT,1528752955
69,FGYMY1W07.R4J,1528805803
70,4523.5R,1528787778
58,2GF.K,1528821314
65,P816M9GR.M,1528755294
55,1H0LA25TR9.E4T,1528756905
45,G4H9RXKF3X.5FX,1528759650
67,3KO1Z.B,1528764775
37,VLDATCU2.HV,1528817369
57,O8S8Y.5UJ,1528819450
41,WYAFFPHPFM.EFM,1528811456
47,TNDSB3IGK.2,1528779004
6,37G957R5.Q,1528739824
58,G.CJ1,1528820279
56,62AX8EN9.G,1528747040
43,X.J,1528774015
52,QP.X,1528818805
51,LOGTWVFEMN.MT,1528777148
22,B.PH,1528773276
16,BATW8LOYJ.JW,1528800383
44,XR37I.K,1528814976
31,UD2.03I,1528772752
